{
  "HTTP Request Tasks" : {
    "transaction" : "HTTP Request Tasks",
    "sampleCount" : 127044,
    "errorCount" : 976,
    "errorPct" : 0.76823777,
    "meanResTime" : 322.0072966846111,
    "medianResTime" : 216.0,
    "minResTime" : 10.0,
    "maxResTime" : 139789.0,
    "pct1ResTime" : 505.90000000000146,
    "pct2ResTime" : 649.0,
    "pct3ResTime" : 1084.9900000000016,
    "throughput" : 105.88094103057315,
    "receivedKBytesPerSec" : 95.83980904589308,
    "sentKBytesPerSec" : 13.543860469748541
  },
  "HTTP Request Contacts" : {
    "transaction" : "HTTP Request Contacts",
    "sampleCount" : 127107,
    "errorCount" : 2108,
    "errorPct" : 1.6584452,
    "meanResTime" : 331.3292737614747,
    "medianResTime" : 210.0,
    "minResTime" : 8.0,
    "maxResTime" : 20598.0,
    "pct1ResTime" : 534.0,
    "pct2ResTime" : 654.0,
    "pct3ResTime" : 963.0,
    "throughput" : 105.92488330987447,
    "receivedKBytesPerSec" : 97.3026377142965,
    "sentKBytesPerSec" : 13.733109287927729
  },
  "HTTP Request Users" : {
    "transaction" : "HTTP Request Users",
    "sampleCount" : 126830,
    "errorCount" : 105,
    "errorPct" : 0.08278798,
    "meanResTime" : 311.35409603407055,
    "medianResTime" : 211.0,
    "minResTime" : 9.0,
    "maxResTime" : 15797.0,
    "pct1ResTime" : 502.0,
    "pct2ResTime" : 644.0,
    "pct3ResTime" : 942.9800000000032,
    "throughput" : 105.73069891634995,
    "receivedKBytesPerSec" : 94.60831490812858,
    "sentKBytesPerSec" : 13.61806444483255
  },
  "HTTP Request Companies" : {
    "transaction" : "HTTP Request Companies",
    "sampleCount" : 127015,
    "errorCount" : 669,
    "errorPct" : 0.52670944,
    "meanResTime" : 316.76909813802206,
    "medianResTime" : 211.0,
    "minResTime" : 8.0,
    "maxResTime" : 137672.0,
    "pct1ResTime" : 500.0,
    "pct2ResTime" : 629.9500000000007,
    "pct3ResTime" : 916.0,
    "throughput" : 105.860742054506,
    "receivedKBytesPerSec" : 95.43550348835586,
    "sentKBytesPerSec" : 13.985576406177204
  },
  "HTTP Request Events" : {
    "transaction" : "HTTP Request Events",
    "sampleCount" : 127260,
    "errorCount" : 4501,
    "errorPct" : 3.5368538,
    "meanResTime" : 1035.0025381109301,
    "medianResTime" : 677.0,
    "minResTime" : 8.0,
    "maxResTime" : 148462.0,
    "pct1ResTime" : 1313.0,
    "pct2ResTime" : 1849.9000000000015,
    "pct3ResTime" : 3867.9900000000016,
    "throughput" : 105.99276390748996,
    "receivedKBytesPerSec" : 100.41704676740186,
    "sentKBytesPerSec" : 13.279732427562035
  },
  "HTTP Request Clients" : {
    "transaction" : "HTTP Request Clients",
    "sampleCount" : 127080,
    "errorCount" : 1465,
    "errorPct" : 1.1528171,
    "meanResTime" : 322.768995908087,
    "medianResTime" : 209.0,
    "minResTime" : 8.0,
    "maxResTime" : 18458.0,
    "pct1ResTime" : 503.0,
    "pct2ResTime" : 630.0,
    "pct3ResTime" : 945.9900000000016,
    "throughput" : 105.90670742480357,
    "receivedKBytesPerSec" : 96.47672379927812,
    "sentKBytesPerSec" : 13.699117936323468
  },
  "HTTP Request Products" : {
    "transaction" : "HTTP Request Products",
    "sampleCount" : 126992,
    "errorCount" : 456,
    "errorPct" : 0.35907775,
    "meanResTime" : 317.0556334257235,
    "medianResTime" : 212.0,
    "minResTime" : 8.0,
    "maxResTime" : 140279.0,
    "pct1ResTime" : 496.0,
    "pct2ResTime" : 623.0,
    "pct3ResTime" : 928.0,
    "throughput" : 105.84624822258785,
    "receivedKBytesPerSec" : 95.15599253049314,
    "sentKBytesPerSec" : 15.140164211629152
  },
  "Total" : {
    "transaction" : "Total",
    "sampleCount" : 1524020,
    "errorCount" : 13927,
    "errorPct" : 0.91383314,
    "meanResTime" : 379.7907015656008,
    "medianResTime" : 144.0,
    "minResTime" : 8.0,
    "maxResTime" : 148462.0,
    "pct1ResTime" : 396.0,
    "pct2ResTime" : 572.9500000000007,
    "pct3ResTime" : 812.9700000000048,
    "throughput" : 1269.3312278036526,
    "receivedKBytesPerSec" : 1151.7907641071738,
    "sentKBytesPerSec" : 168.30070941379157
  },
  "HTTP Request Cloud" : {
    "transaction" : "HTTP Request Cloud",
    "sampleCount" : 126872,
    "errorCount" : 128,
    "errorPct" : 0.10088909,
    "meanResTime" : 311.89704584147876,
    "medianResTime" : 211.0,
    "minResTime" : 11.0,
    "maxResTime" : 137302.0,
    "pct1ResTime" : 492.0,
    "pct2ResTime" : 627.9500000000007,
    "pct3ResTime" : 951.0,
    "throughput" : 105.76139165692736,
    "receivedKBytesPerSec" : 94.6654291466323,
    "sentKBytesPerSec" : 13.619549877209684
  },
  "HTTP Request Communications" : {
    "transaction" : "HTTP Request Communications",
    "sampleCount" : 126910,
    "errorCount" : 186,
    "errorPct" : 0.14656055,
    "meanResTime" : 312.3314632416689,
    "medianResTime" : 209.0,
    "minResTime" : 14.0,
    "maxResTime" : 15315.0,
    "pct1ResTime" : 503.0,
    "pct2ResTime" : 648.0,
    "pct3ResTime" : 931.9700000000048,
    "throughput" : 105.7878657791967,
    "receivedKBytesPerSec" : 94.7619035835004,
    "sentKBytesPerSec" : 14.545144503882334
  },
  "HTTP Request Settings" : {
    "transaction" : "HTTP Request Settings",
    "sampleCount" : 126801,
    "errorCount" : 69,
    "errorPct" : 0.054415975,
    "meanResTime" : 312.5459657258229,
    "medianResTime" : 212.0,
    "minResTime" : 14.0,
    "maxResTime" : 16910.0,
    "pct1ResTime" : 512.0,
    "pct2ResTime" : 639.0,
    "pct3ResTime" : 946.9900000000016,
    "throughput" : 105.70996016733388,
    "receivedKBytesPerSec" : 94.54447682970368,
    "sentKBytesPerSec" : 14.547845337668964
  },
  "HTTP Request Categories" : {
    "transaction" : "HTTP Request Categories",
    "sampleCount" : 126966,
    "errorCount" : 272,
    "errorPct" : 0.21423058,
    "meanResTime" : 319.52652678670114,
    "medianResTime" : 219.0,
    "minResTime" : 18.0,
    "maxResTime" : 138019.0,
    "pct1ResTime" : 508.0,
    "pct2ResTime" : 653.0,
    "pct3ResTime" : 1060.0,
    "throughput" : 105.82845864166556,
    "receivedKBytesPerSec" : 94.90771430896349,
    "sentKBytesPerSec" : 15.365878433781988
  },
  "HTTP Request Deals" : {
    "transaction" : "HTTP Request Deals",
    "sampleCount" : 127143,
    "errorCount" : 2992,
    "errorPct" : 2.3532557,
    "meanResTime" : 343.37103104378366,
    "medianResTime" : 211.0,
    "minResTime" : 8.0,
    "maxResTime" : 138496.0,
    "pct1ResTime" : 509.0,
    "pct2ResTime" : 641.0,
    "pct3ResTime" : 953.9900000000016,
    "throughput" : 105.95055757311115,
    "receivedKBytesPerSec" : 98.44187199015936,
    "sentKBytesPerSec" : 13.336288704498752
  }
}