{
  "HTTP Request Tasks" : {
    "transaction" : "HTTP Request Tasks",
    "sampleCount" : 261102,
    "errorCount" : 0,
    "errorPct" : 0.0,
    "meanResTime" : 120.11126303130655,
    "medianResTime" : 72.0,
    "minResTime" : 32.0,
    "maxResTime" : 6026.0,
    "pct1ResTime" : 192.0,
    "pct2ResTime" : 241.0,
    "pct3ResTime" : 413.9900000000016,
    "throughput" : 72.5393351324951,
    "receivedKBytesPerSec" : 64.81786293577443,
    "sentKBytesPerSec" : 9.350773669423196
  },
  "HTTP Request Contacts" : {
    "transaction" : "HTTP Request Contacts",
    "sampleCount" : 261120,
    "errorCount" : 0,
    "errorPct" : 0.0,
    "meanResTime" : 111.90736443014771,
    "medianResTime" : 71.0,
    "minResTime" : 33.0,
    "maxResTime" : 5185.0,
    "pct1ResTime" : 172.0,
    "pct2ResTime" : 213.0,
    "pct3ResTime" : 318.0,
    "throughput" : 72.54395296200306,
    "receivedKBytesPerSec" : 64.82198921897734,
    "sentKBytesPerSec" : 9.563900048701575
  },
  "HTTP Request Users" : {
    "transaction" : "HTTP Request Users",
    "sampleCount" : 261047,
    "errorCount" : 0,
    "errorPct" : 0.0,
    "meanResTime" : 111.34146341463457,
    "medianResTime" : 71.0,
    "minResTime" : 34.0,
    "maxResTime" : 5402.0,
    "pct1ResTime" : 173.0,
    "pct2ResTime" : 215.95000000000073,
    "pct3ResTime" : 319.0,
    "throughput" : 72.541770006183,
    "receivedKBytesPerSec" : 64.82003862857172,
    "sentKBytesPerSec" : 9.351087539859527
  },
  "HTTP Request Companies" : {
    "transaction" : "HTTP Request Companies",
    "sampleCount" : 261090,
    "errorCount" : 0,
    "errorPct" : 0.0,
    "meanResTime" : 112.12797502776729,
    "medianResTime" : 71.0,
    "minResTime" : 32.0,
    "maxResTime" : 5525.0,
    "pct1ResTime" : 173.0,
    "pct2ResTime" : 216.0,
    "pct3ResTime" : 322.0,
    "throughput" : 72.54101947513409,
    "receivedKBytesPerSec" : 64.81936798803486,
    "sentKBytesPerSec" : 9.634354149041247
  },
  "HTTP Request Events" : {
    "transaction" : "HTTP Request Events",
    "sampleCount" : 261132,
    "errorCount" : 0,
    "errorPct" : 0.0,
    "meanResTime" : 120.42939969058007,
    "medianResTime" : 73.0,
    "minResTime" : 32.0,
    "maxResTime" : 5948.0,
    "pct1ResTime" : 192.0,
    "pct2ResTime" : 241.0,
    "pct3ResTime" : 378.9800000000032,
    "throughput" : 72.53517566583353,
    "receivedKBytesPerSec" : 64.8141462248415,
    "sentKBytesPerSec" : 9.42107262066002
  },
  "HTTP Request Clients" : {
    "transaction" : "HTTP Request Clients",
    "sampleCount" : 261110,
    "errorCount" : 0,
    "errorPct" : 0.0,
    "meanResTime" : 111.58046034238347,
    "medianResTime" : 71.0,
    "minResTime" : 32.0,
    "maxResTime" : 5369.0,
    "pct1ResTime" : 174.0,
    "pct2ResTime" : 216.0,
    "pct3ResTime" : 321.0,
    "throughput" : 72.54298861777143,
    "receivedKBytesPerSec" : 64.80693509658461,
    "sentKBytesPerSec" : 9.492930151153685
  },
  "HTTP Request Products" : {
    "transaction" : "HTTP Request Products",
    "sampleCount" : 261074,
    "errorCount" : 0,
    "errorPct" : 0.0,
    "meanResTime" : 111.74799865172179,
    "medianResTime" : 71.0,
    "minResTime" : 31.0,
    "maxResTime" : 5600.0,
    "pct1ResTime" : 176.0,
    "pct2ResTime" : 219.0,
    "pct3ResTime" : 322.9900000000016,
    "throughput" : 72.54048403853169,
    "receivedKBytesPerSec" : 64.81888954614892,
    "sentKBytesPerSec" : 10.413526517250157
  },
  "Total" : {
    "transaction" : "Total",
    "sampleCount" : 3133035,
    "errorCount" : 0,
    "errorPct" : 0.0,
    "meanResTime" : 113.89581827205109,
    "medianResTime" : 104.0,
    "minResTime" : 31.0,
    "maxResTime" : 10927.0,
    "pct1ResTime" : 227.0,
    "pct2ResTime" : 285.0,
    "pct3ResTime" : 349.0,
    "throughput" : 870.2381865027648,
    "receivedKBytesPerSec" : 777.5629774859633,
    "sentKBytesPerSec" : 116.42811649093356
  },
  "HTTP Request Cloud" : {
    "transaction" : "HTTP Request Cloud",
    "sampleCount" : 261058,
    "errorCount" : 0,
    "errorPct" : 0.0,
    "meanResTime" : 111.56295152801503,
    "medianResTime" : 71.0,
    "minResTime" : 33.0,
    "maxResTime" : 5949.0,
    "pct1ResTime" : 174.0,
    "pct2ResTime" : 215.0,
    "pct3ResTime" : 320.9900000000016,
    "throughput" : 72.54238757594418,
    "receivedKBytesPerSec" : 64.82059046092668,
    "sentKBytesPerSec" : 9.351167148461554
  },
  "HTTP Request Communications" : {
    "transaction" : "HTTP Request Communications",
    "sampleCount" : 261067,
    "errorCount" : 0,
    "errorPct" : 0.0,
    "meanResTime" : 120.36054346202562,
    "medianResTime" : 72.0,
    "minResTime" : 33.0,
    "maxResTime" : 10927.0,
    "pct1ResTime" : 192.90000000000146,
    "pct2ResTime" : 244.0,
    "pct3ResTime" : 419.9900000000016,
    "throughput" : 72.54065541028301,
    "receivedKBytesPerSec" : 64.81904267618063,
    "sentKBytesPerSec" : 9.988508215673736
  },
  "HTTP Request Settings" : {
    "transaction" : "HTTP Request Settings",
    "sampleCount" : 261041,
    "errorCount" : 0,
    "errorPct" : 0.0,
    "meanResTime" : 111.59566887960158,
    "medianResTime" : 71.0,
    "minResTime" : 34.0,
    "maxResTime" : 5595.0,
    "pct1ResTime" : 176.0,
    "pct2ResTime" : 213.0,
    "pct3ResTime" : 316.0,
    "throughput" : 72.5415339263205,
    "receivedKBytesPerSec" : 64.80571862510435,
    "sentKBytesPerSec" : 9.988629183214053
  },
  "HTTP Request Categories" : {
    "transaction" : "HTTP Request Categories",
    "sampleCount" : 261068,
    "errorCount" : 0,
    "errorPct" : 0.0,
    "meanResTime" : 111.91301883034339,
    "medianResTime" : 71.0,
    "minResTime" : 31.0,
    "maxResTime" : 5402.0,
    "pct1ResTime" : 175.0,
    "pct2ResTime" : 217.0,
    "pct3ResTime" : 320.9900000000016,
    "throughput" : 72.5424450328454,
    "receivedKBytesPerSec" : 64.80649468405504,
    "sentKBytesPerSec" : 10.555492490130822
  },
  "HTTP Request Deals" : {
    "transaction" : "HTTP Request Deals",
    "sampleCount" : 261126,
    "errorCount" : 0,
    "errorPct" : 0.0,
    "meanResTime" : 112.0701653607823,
    "medianResTime" : 71.0,
    "minResTime" : 32.0,
    "maxResTime" : 5598.0,
    "pct1ResTime" : 174.0,
    "pct2ResTime" : 217.95000000000073,
    "pct3ResTime" : 318.0,
    "throughput" : 72.54271773913725,
    "receivedKBytesPerSec" : 64.82088547979549,
    "sentKBytesPerSec" : 9.35120970856066
  }
}